job_id,protein,ligand,num_hbonds,num_hbonds_lig_donor,num_hbonds_prot_donor,hbond_min_distance,hbond_mean_distance,hbond_max_distance,num_aromatic_interactions,aromatic_min_distance,aromatic_mean_distance,num_hydrophobic_contacts,hydrophobic_min_distance,hydrophobic_mean_distance,hydrophobic_surface_area,num_salt_bridges,salt_bridge_min_distance,salt_bridge_mean_distance,num_halogen_atoms,total_interactions,interaction_density
MEK1_pd0325901,MEK1,pd0325901,24,10,14,2.5938130233307106,3.1100909107053973,3.4992807832467543,40,3.828979367925609,5.033256105943783,57,3.3885858407306104,4.119514577157894,855.0,0,,,3,121,4.033333333333333
MEK1_refametinib,MEK1,refametinib,14,7,7,2.8005622649746593,3.160883183454576,3.4504182355187045,18,4.02204189436162,5.3868095008456605,62,3.544617609841714,4.0428674965570774,930.0,0,,,3,94,2.6857142857142855
MEK1_selumetinib,MEK1,selumetinib,8,4,4,3.002500957535235,3.1107420207246195,3.2498976906973556,9,4.302249411645025,5.203562991889969,43,3.3310195136024032,4.148760931357658,645.0,0,,,1,60,2.0
MEK1_trametinib,MEK1,trametinib,10,5,5,2.924876236697889,3.1116102644408867,3.4825337040723685,3,5.7961821917534655,5.825061776021911,74,3.1019537391779384,4.051359354533673,1110.0,0,,,1,87,2.230769230769231
