{
  "timestamp": "2026-02-04T10:11:53.031382",
  "n_samples": 23248,
  "n_features_total": 92,
  "n_confirmed": 10,
  "n_tentative": 0,
  "n_rejected": 82,
  "runtime_seconds": 186.058359,
  "alpha": 0.01,
  "max_iter": 100
}