{
  "timestamp": "2026-02-25T19:23:30.593051",
  "n_samples": 5664,
  "n_features_total": 80,
  "n_selected": 4,
  "selection_threshold": 0.06000279281288375,
  "shap_mean": 0.011116684414446354,
  "shap_max": 0.3825562596321106,
  "runtime_train_seconds": 0.081664,
  "runtime_shap_seconds": 0.114459,
  "model_performance": {
    "train_r2": 0.2366732523967522,
    "test_r2": 0.25827016727426266,
    "train_rmse": 1.4450851298853185,
    "test_rmse": 1.4018070297986895
  }
}