job_id,protein,ligand,electrostatic_energy,vdw_energy,total_energy_estimate,ligand_sasa,num_polar_atoms,num_nonpolar_atoms,polar_fraction,total_charge,abs_total_charge,max_positive_charge,max_negative_charge,mol_weight,logp,num_hbd,num_hba,tpsa,num_rotatable_bonds,num_aromatic_rings,formal_charge,num_heavy_atoms,fraction_csp3,vina_affinity,smina_affinity,best_affinity,ligand_efficiency,lipophilic_efficiency
MEK1_pd0325901,MEK1,pd0325901,0.0,10729.963727002727,10729.963727002727,1086.8653944359244,6,20,0.23076923076923078,5.551115123125783e-17,5.110000000000001,0.277,-0.394,482.196,2.4667000000000003,4,5,90.82000000000001,7,2,0,26,0.1875,-8.52,-8.9,-8.9,-0.3423076923076923,4.077417647058823
MEK1_refametinib,MEK1,refametinib,0.0,93.91434371562688,93.91434371562688,1268.0096268419118,8,23,0.25806451612903225,-0.0010000000000000564,5.941,0.278,-0.494,572.3430000000001,3.478300000000001,4,6,107.89000000000001,9,2,0,31,0.3684210526315789,-7.94,-8.4,-8.4,-0.2709677419354839,2.6981705882352935
MEK1_selumetinib,MEK1,selumetinib,0.0,1257.6987886015152,1257.6987886015152,1086.8653944359244,7,20,0.25925925925925924,-1.1102230246251565e-16,4.834,0.277,-0.394,555.7660000000004,2.8728000000000007,5,8,163.01,6,3,0,32,0.17647058823529413,-7.73,-7.9,-7.9,-0.246875,2.936023529411764
MEK1_trametinib,MEK1,trametinib,0.0,835.123527855281,835.123527855281,1412.9250127667017,9,28,0.24324324324324326,0.003999999999999906,5.576,0.336,-0.338,615.4029999999999,3.940120000000002,2,8,107.13,5,4,0,37,0.23076923076923078,-9.08,-9.1,-9.1,-0.24594594594594593,2.7510564705882325
