job_id,protein,ligand,num_hbd_pharmacophore,num_hba_pharmacophore,num_aromatic_pharmacophore,num_hydrophobic_pharmacophore,num_positive_ionizable,num_negative_ionizable,pharmacophore_span,pharmacophore_radius,pharmacophore_triangular_area,spatial_distribution_x,spatial_distribution_y,spatial_distribution_z,spatial_volume_ratio,molecular_compactness,atom_density
MEK1_pd0325901,MEK1,pd0325901,4,5,2,4,2,4,11.582826080020368,3.782557979369113,33.05297110371871,3.1900411275649025,2.221514983569146,1.0642342390449366,482.86503467999995,0.6531321377420634,0.03687049994525974
MEK1_refametinib,MEK1,refametinib,4,6,2,7,2,3,11.029944242832784,3.6498687138868107,26.030845571013757,2.302107759317579,2.099704607796058,2.3527416052819086,588.3072008950003,0.661810909199923,0.04981377684436364
MEK1_selumetinib,MEK1,selumetinib,5,8,3,4,4,3,11.975378198620701,3.572886285948077,21.40273063182703,2.498087854517709,2.182076914827299,1.8742676878065085,482.9435276699999,0.5967053777657885,0.03336221821659908
MEK1_trametinib,MEK1,trametinib,2,8,4,7,5,4,11.93103943501991,4.170065985062338,32.75024846972933,1.878922795591898,2.560421637132214,3.0668416305889905,886.0454193280002,0.6990281119719355,0.043856214390349646
