job_id,protein,ligand,ligand_volume,ligand_surface_area,ligand_max_dimension,ligand_radius_gyration,ligand_asphericity,ligand_eccentricity,ligand_planarity,pca_variance_pc1,pca_variance_pc2,pca_variance_pc3,pca_axis1_x,pca_axis1_y,pca_axis1_z,shape_complementarity,buried_surface_area,ligand_centroid_x,ligand_centroid_y,ligand_centroid_z,ligand_num_atoms
MEK1_pd0325901,MEK1,pd0325901,118.74086739799998,155.36683871816388,11.582826080020368,4.030395232893833,0.4580585560165215,0.9110519192979998,0.9110519192980009,0.638705704011065,0.3044826494837317,0.05681164650520338,0.9893079803822178,-0.015681394393225023,0.1449959096731389,15.266666666666667,197.0406912331518,-2.7512666666666665,58.71733333333334,33.86946666666667,30
MEK1_refametinib,MEK1,refametinib,157.92374005766675,180.34441162950992,11.029944242832784,3.904337669404978,0.3321431894330469,0.7987668214562287,0.7987668214561726,0.5547621262886694,0.3336013277025294,0.11163654600880113,0.7185829412639191,0.32031032376528534,-0.6172842562498033,11.285714285714286,98.5203456165759,-7.244485714285713,54.42139999999999,33.26828571428572,35
MEK1_selumetinib,MEK1,selumetinib,112.61444546700004,152.2005132747786,11.975378198620701,3.8098270245073684,0.29277429442028313,0.8476125175048147,0.8476125175048316,0.5285161962801155,0.3909445511108354,0.08053925260904911,0.8231723811020191,0.1701153995369809,0.5417083918781446,10.5,123.15043202071988,-6.268066666666666,55.71926666666665,31.857033333333334,30
MEK1_trametinib,MEK1,trametinib,243.4018467548332,237.25841153948878,11.93103943501991,4.414932323241594,0.38834946440470763,0.721116145463915,0.7211161454639033,0.5922329762697891,0.24260280852470728,0.16516421520550348,0.17925444397786697,0.518396388814153,0.836141751366735,12.076923076923077,98.5203456165759,-7.859000000000003,55.596743589743596,31.48505128205128,39
